"Part";"Value";"Device";"Package";"Description";"";
"ANT1";"GPS_ANT_SMDBAR";"GPS_ANT_SMDBAR";"1575AT43A40";"1.575 GHz GPS Antenna Johanson Technology";"";
"ANT2";"BU-SMA-H";"BU-SMA-H";"BU-SMA-H";"FEMALE SMA CONNECTOR";"";
"C1";".1uF";"C-USC0805";"C0805";"CAPACITOR, American symbol";"";
"C2";"10nF";"C-USC0805";"C0805";"CAPACITOR, American symbol";"";
"C3";"47nF";"C-USC0805";"C0805";"CAPACITOR, American symbol";"";
"C4";"10nF";"C-USC0805";"C0805";"CAPACITOR, American symbol";"";
"C5";"47nF";"C-USC0805";"C0805";"CAPACITOR, American symbol";"";
"C6";"10nF";"C-USC0805";"C0805";"CAPACITOR, American symbol";"";
"C7";".1uF";"C-USC0805";"C0805";"CAPACITOR, American symbol";"";
"C8";"10nF";"C-USC0805";"C0805";"CAPACITOR, American symbol";"";
"C9";".1uF";"C-USC0805";"C0805";"CAPACITOR, American symbol";"";
"C10";".1uF";"C-USC0805";"C0805";"CAPACITOR, American symbol";"";
"C11";".1uF";"C-USC0805";"C0805";"CAPACITOR, American symbol";"";
"C12";"";"C-USC0805";"C0805";"CAPACITOR, American symbol";"";
"C13";".1uF";"C-USC0805";"C0805";"CAPACITOR, American symbol";"";
"C14";"47uF";"CPOL-US153CLV-0807";"153CLV-0807";"POLARIZED CAPACITOR, American symbol";"";
"C15";".1uF";"C-USC0805";"C0805";"CAPACITOR, American symbol";"";
"C16";".1uF";"C-USC0805";"C0805";"CAPACITOR, American symbol";"";
"C17";".1uF";"C-USC0805";"C0805";"CAPACITOR, American symbol";"";
"C18";".1uF";"C-USC0805";"C0805";"CAPACITOR, American symbol";"";
"C19";".1uF";"C-USC0805";"C0805";"CAPACITOR, American symbol";"";
"C20";".1uF";"C-USC0805";"C0805";"CAPACITOR, American symbol";"";
"C21";"47uF";"CPOL-US153CLV-0605";"153CLV-0605";"POLARIZED CAPACITOR, American symbol";"";
"D1";"B220/A";"B340A";"SMA-DIODE";"Schottky Diode";"";
"GPS1";"TELIT_JN3";"TELIT_JN3";"24-SMD";"Device for Telit JN3 GPS module";"";
"IC1";"ATMega328";"MEGA8-AI";"TQFP32-08";"MICROCONTROLLER";"";
"IC2";"LMV324M";"LMV324M";"SO14";"Quad General Purpose, Low Voltage, Rail-to-Rail Output Operational Amplifiers";"";
"J1";"5.5x2.1mm Barrel";"POWER_JACKSMD";"POWER_JACK_SMD";"Power Jack";"";
"J2";"VHF";"22-05-7068-06";"7395-06";"CONNECTOR";"";
"J3";"";"MA03-1";"MA03-1";"PIN HEADER";"";
"L1";"160 ohm";"SM-1206";"SM-1206";"INDUCTOR";"";
"L2";"160 ohm";"SM-1206";"SM-1206";"INDUCTOR";"";
"L3";"160 ohm";"SM-1206";"SM-1206";"INDUCTOR";"";
"L4";"160 ohm";"SM-1206";"SM-1206";"INDUCTOR";"";
"L5";"160 ohm";"SM-1206";"SM-1206";"INDUCTOR";"";
"L6";"160 ohm";"SM-1206";"SM-1206";"INDUCTOR";"";
"L7";"160 ohm";"SM-1206";"SM-1206";"INDUCTOR";"";
"L8";"160 ohm";"SM-1206";"SM-1206";"INDUCTOR";"";
"LED1";"";"LEDCHIPLED_1206";"CHIPLED_1206";"LED";"";
"LED2";"";"LEDCHIPLED_1206";"CHIPLED_1206";"LED";"";
"Q1";"2N2222";"BC817-16LT1SMD";"SOT23-BEC";"NPN Transistor";"";
"Q2";"BSS138";"BSS138";"BSS138";"BSS138";"";
"Q3";"2N2222";"BC817-16LT1SMD";"SOT23-BEC";"NPN Transistor";"";
"R1";"1M";"R-US_R0805";"R0805";"RESISTOR, American symbol";"";
"R2";"10k";"R-US_R0805";"R0805";"RESISTOR, American symbol";"";
"R3";"1k";"R-US_R0805";"R0805";"RESISTOR, American symbol";"";
"R4";"1k";"R-US_R0805";"R0805";"RESISTOR, American symbol";"";
"R5";"10k";"R-US_R0805";"R0805";"RESISTOR, American symbol";"";
"R6";"4.7k";"R-US_R0805";"R0805";"RESISTOR, American symbol";"";
"R7";"47k";"R-US_R0805";"R0805";"RESISTOR, American symbol";"";
"R8";"10k";"R-US_R0805";"R0805";"RESISTOR, American symbol";"";
"R9";"2.2k";"R-US_R0805";"R0805";"RESISTOR, American symbol";"";
"R10";"4.7k";"R-US_R0805";"R0805";"RESISTOR, American symbol";"";
"R11";"10k";"R-US_R0805";"R0805";"RESISTOR, American symbol";"";
"R12";"100k";"R-US_R0805";"R0805";"RESISTOR, American symbol";"";
"R13";"390";"R-US_R0805";"R0805";"RESISTOR, American symbol";"";
"R14";"1k";"R-US_R0805";"R0805";"RESISTOR, American symbol";"";
"R15";"1k";"R-US_R0805";"R0805";"RESISTOR, American symbol";"";
"R16";"100k";"R-US_R0805";"R0805";"RESISTOR, American symbol";"";
"R17";"1k";"R-US_R0805";"R0805";"RESISTOR, American symbol";"";
"R18";"2.2k";"R-US_R0805";"R0805";"RESISTOR, American symbol";"";
"R19";"10k";"R-US_R0805";"R0805";"RESISTOR, American symbol";"";
"R20";"10k";"R-US_R0805";"R0805";"RESISTOR, American symbol";"";
"R21";"100k";"R-US_R0805";"R0805";"RESISTOR, American symbol";"";
"R22";"47k";"R-US_R0805";"R0805";"RESISTOR, American symbol";"";
"R23";"";"R-US_R0805";"R0805";"RESISTOR, American symbol";"";
"S1";"";"TAC_SWITCHSMD";"TACTILE_SWITCH_SMD";"Momentary Switch";"";
"SG1";"BUZZERNS";"BUZZERNS";"BUZZER-12MM-NS";"Buzzer 12mm";"";
"SH11";"ARDUINO_R3_SHIELD";"ARDUINO_R3_SHIELD";"UNO_R3_SHIELD";"Shield form compatible with the Arduino Uno R3.";"";
"T1";"DS1820SOIC";"DS1820SOIC";"DS18B20_SOIC";"DS18B20";"";
"TX1";"RADIOMETRIX-HX1";"RADIOMETRIX-HX1";"RADIOMETRIX-HX1";"";"";
"U1";"LM1086";"LM1086TO263";"TO263";"";"";
"U2";"V_REG_LDOSMD";"V_REG_LDOSMD";"SOT23-5";"Voltage Regulator LDO";"";
"Y1";"16MHz";"RESONATOR16MHZ";"RESONATOR-SMD";"Resonator";"";
